{"cameraMode":{"drawMode":0,"name":"Shaded","section":"Shading Mode"},"sceneLighting":true,"audioPlay":false,"sceneViewState":{"showFog":true,"showMaterialUpdate":false,"showSkybox":true,"showFlares":true,"showImageEffects":true,"showParticleSystems":true},"in2DMode":false,"pivot":{"x":5.999536514282227,"y":3.700133800506592,"z":4.306663990020752},"rotation":{"x":0.4225388467311859,"y":0.2713060677051544,"z":-0.1341875195503235,"w":0.8543259501457214},"size":40.00334930419922,"orthographic":false}